Feature,Importance
Direction_sin,-0.26981103148425484
Direction_cos,-0.37423857688524875
Angle_sin,-0.10819902166844907
Angle_cos,0.5676040518818928
Radius,-0.00959868158659194
Wave_Energy,0.0030185966874941017
