Metric,Training,Test
MSE,1.2802738652852699,1.2785878631007395
RMSE,1.1314918759254393,1.1307465954407023
MAE,0.937400813194507,0.9437457455429443
R²,0.4526663742740539,0.45934553430470193
Explained Variance,0.4526663742740539,0.45935644855103897
