Feature,Importance
Direction,0.002057692651010988
Hs,0.2414237902263235
Tp,-0.6918690676357755
East,-0.0005422392014145239
North,0.00020688570157788994
