Metric,Training,Test
MSE,2.9371883796185636,2.939455992435415
RMSE,1.7138227386805682,1.7144841767818724
MAE,1.0386186817232685,1.0441421606640906
R²,0.455158872872938,0.47052097488484124
Explained Variance,0.4551588728729381,0.4705696808670168
