Metric,Training,Test
MSE,0.06941977025420867,0.08256535445576785
RMSE,0.2634763182037594,0.287341877309535
MAE,0.18051533341839632,0.19564708670123543
R²,0.9686264014661049,0.9631612113342232
Explained Variance,0.9686264689396712,0.9632006992355825
