Feature,Importance
Direction_sin,0.08453594781306621
Direction_cos,0.1016619936560637
Angle_sin,0.18118929925720456
Angle_cos,0.16733851074488074
Radius,0.121443685607649
Wave_Energy,0.34383056292113573
