Metric,Training,Test
MSE,0.07168339385234097,0.08482053454966525
RMSE,0.26773754658684124,0.29123965140355673
MAE,0.18022934874402874,0.19491826126683923
R²,0.969354422576766,0.9641333989549018
Explained Variance,0.9693545435933145,0.9641770975232727
