Feature,Importance
Direction,0.38076797112669186
Hs,0.14600284426135746
Tp,0.0667435661407044
East,0.25508071106113545
North,0.15140490741011087
