Metric,Training,Test
MSE,0.0023678533355447327,0.007933136667903282
RMSE,0.048660593251056164,0.08906815742959591
MAE,0.012908918390593594,0.01621184833437763
R²,0.979112245996167,0.9527075670766569
Explained Variance,0.9791127616825178,0.9527219990336695
