Feature,Importance
Direction_sin,-0.26396364009318146
Direction_cos,-0.3954187433494196
Angle_sin,-0.09214138320686269
Angle_cos,0.5230657242480637
Radius,-0.009203651008772906
Wave_Energy,0.003038572299671985
