Metric,Training,Test
MSE,1.1773622716275418,1.1787675417098866
RMSE,1.0850632569705518,1.08571061600681
MAE,0.8982731736274204,0.9060137631490173
R²,0.4679024274535414,0.47406065605409253
Explained Variance,0.4679024274535414,0.4740679301267289
