Feature,Importance
Direction,0.43021541006216113
Hs,0.5679717152647883
East,0.0010957673403337459
North,0.000717107332716813
