Metric,Training,Test
MSE,0.003291415211960415,0.004205650994433847
RMSE,0.057370856817380855,0.0648509906973968
MAE,0.022125742409931738,0.025934609016191032
R²,0.9993894506779437,0.9992424435017099
Explained Variance,0.999389458757218,0.9992424451498056
