Feature,Importance
Direction,0.38082973598327696
Hs,0.21242045928594766
East,0.2565492186890549
North,0.15020058604172057
