Metric,Training,Test
MSE,0.0024003659628197473,0.008663454507146338
RMSE,0.048993529805676866,0.09307767996220329
MAE,0.012949219852807026,0.016268632871540976
R²,0.9788254394822904,0.9483538657765315
Explained Variance,0.9788260217742807,0.9483696157674157
