Feature,Importance
Direction,0.21176820628060763
Hs,3.7628509172523725
Tp,-2.4165368199366255
East,-0.033520176487166875
North,0.012764435118433115
