Metric,Training,Test
MSE,2.9371883796185636,2.9394559924354127
RMSE,1.7138227386805682,1.7144841767818717
MAE,1.0386186817232737,1.044142160664096
R²,0.455158872872938,0.47052097488484157
Explained Variance,0.455158872872938,0.4705696808670171
