Feature,Importance
Direction,0.36705402351649413
Hs,0.1406161015709428
Tp,0.06456897900577152
East,0.26549692403061165
North,0.16226397187618
