Metric,Training,Test
MSE,0.0008428182572358801,0.0029335765873141554
RMSE,0.029031332336561477,0.05416250167148998
MAE,0.007601869140968067,0.009429456321178444
R²,0.9805157224359489,0.9479430000105441
Explained Variance,0.980516065136197,0.9479499052854846
