Feature,Importance
Direction_sin,0.5417704587249699
Direction_cos,-0.08029262648750751
Angle_sin,-0.0372064493731746
Angle_cos,0.05091437568219563
Radius,0.00012488809462544992
Wave_Energy,0.004434687897281672
