Metric,Training,Test
MSE,0.7073261212016091,0.6930601761623492
RMSE,0.8410268254946504,0.8325023580521254
MAE,0.6396431528648456,0.6350956886055754
R²,0.6732008550373543,0.6771133264982439
Explained Variance,0.6732008550373543,0.6771285728102331
