Feature,Importance
Direction_sin,0.0861110253356151
Direction_cos,0.1131902810616284
Angle_sin,0.16399338385790815
Angle_cos,0.16850858175882044
Radius,0.10696669336509239
Wave_Energy,0.36123003462093556
