Feature,Importance
Direction,-4.997651119747321e-06
Hs,0.009942815716350376
Tp,-0.029860594143982237
East,0.0003929211096260401
North,-0.0002350786930606926
