Metric,Training,Test
MSE,0.03883301107821323,0.05103712634296869
RMSE,0.19706093239963426,0.2259139799635443
MAE,0.07505791192891319,0.07808003963321568
R²,0.10225821522039202,0.09433430271194743
Explained Variance,0.10225821522039202,0.09441870582319833
