Feature,Importance
Direction,-5.7407822432448495e-06
Hs,0.0058730671921203605
East,0.0006449729408185383
North,-0.0003631336217394918
