Metric,Training,Test
MSE,0.10289931017642591,0.15473567379680006
RMSE,0.32077922341764264,0.39336455584711755
MAE,0.1282526685191943,0.13391522923681867
R²,0.09228521637518183,0.07756203123403882
Explained Variance,0.09228521637518183,0.07769649666995859
