Feature,Importance
Direction,-5.043523830165897e-06
Hs,0.0034700832741582
East,0.0003925299715482884
North,-0.00023631602191110773
