Metric,Training,Test
MSE,0.03953298672454729,0.05186419707594854
RMSE,0.19882903893683962,0.22773712274451116
MAE,0.0756110159134354,0.07853216881192554
R²,0.08607617399838774,0.07965773986910374
Explained Variance,0.08607617399838763,0.07975342903739269
