Feature,Importance
Direction,0.2777885078864604
Hs,6.518442336110735
Tp,-3.597719151706054
East,-0.03834210163453733
North,0.015589942188910855
