Metric,Training,Test
MSE,2.937188379618563,2.9394559924354136
RMSE,1.7138227386805682,1.7144841767818721
MAE,1.038618681723264,1.0441421606640864
R²,0.4551588728729381,0.47052097488484146
Explained Variance,0.4551588728729381,0.470569680867017
