Feature,Importance
Direction,0.0020566297816911696
Hs,0.09145077434318719
East,-0.0005513018589044516
North,0.0001782168293521045
