Metric,Training,Test
MSE,3.3129685591648443,3.377994659590706
RMSE,1.8201561908706747,1.8379321694748982
MAE,1.1922835145446649,1.2069353974397503
R²,0.3854525857322426,0.39152777799458827
Explained Variance,0.3854525857322427,0.391597799074369
