Feature,Importance
Direction,0.4302154045321316
Hs,0.3478126852174905
Tp,0.22015902975677018
East,0.0010956327351163634
North,0.0007172477584913473
