Metric,Training,Test
MSE,0.0032916321988153475,0.004206460946125135
RMSE,0.05737274787575847,0.06485723511008726
MAE,0.022126442134486113,0.025932879434174275
R²,0.9993894104274227,0.9992422976065398
Explained Variance,0.9993894182815563,0.9992422989456379
