Feature,Importance
Direction,0.36704326479479793
Hs,0.2050707895194828
East,0.2659632770397006
North,0.16192266864601876
