Metric,Training,Test
MSE,0.0008471772830806096,0.0029439999610689754
RMSE,0.02910631002172226,0.05425863950624799
MAE,0.007605462600637228,0.009431802146786617
R²,0.9804149504501283,0.947758034814888
Explained Variance,0.9804153125780906,0.9477652307479416
