Feature,Importance
Direction,-5.665068061365079e-06
Hs,0.01655649175795586
Tp,-0.04928573950450831
East,0.0006456185250730724
North,-0.00036109137612612354
