Feature,Importance
Direction,0.6481731850685066
Hs,12.795460881995206
Tp,-10.654783641590985
East,-0.16267176042434173
North,0.06206571047330334
