Metric,Training,Test
MSE,2.937188379618564,2.9394559924354144
RMSE,1.7138227386805684,1.7144841767818724
MAE,1.038618681723271,1.0441421606640933
R²,0.455158872872938,0.47052097488484135
Explained Variance,0.455158872872938,0.4705696808670168
